crates/hypha_post/src/editor.rs	3025
crates/hypha_post/src/lib.rs	1677
crates/hypha_post/tests/gui_wiring_test.rs	1001
crates/hypha_pre/src/editor.rs	661
crates/hypha_pre/src/lib.rs	1256
crates/kirin_hypha_ffi/include/kirin_hypha_ffi.h	581
crates/kirin_hypha_ffi/src/lib.rs	4373
crates/kirin_hypha_ffi/tests/parity.rs	2997
crates/kirin_measure/src/capture_generation_tx_tests.rs	710
crates/kirin_measure/src/io_thread_pre.rs	4930
crates/kirin_measure/src/lib.rs	788
crates/kirin_measure/src/measure_thread.rs	3377
crates/kirin_measure/src/pairing_scope.rs	1013
crates/kirin_measure/src/pairing_scope/tests.rs	1573
crates/kirin_measure/src/plugin_data.rs	9246
crates/kirin_measure/src/post_candidates.rs	563
crates/kirin_measure/src/record_drop_commit_tests.rs	850
crates/kirin_measure/src/record_expected.rs	575
crates/kirin_measure/src/record_ingress.rs	529
crates/kirin_measure/src/record_signal.rs	974
crates/kirin_measure/src/record_signal/tests.rs	855
crates/kirin_measure/src/record_take.rs	1938
crates/kirin_measure/src/record_writer.rs	7773
crates/kirin_measure/src/record_writer_claim.rs	659
crates/kirin_measure/src/trace_content_clock.rs	1652
juce_shell/src/PluginProcessor.cpp	675
juce_shell/src/pre_display/PreDisplayProtocol.cpp	583
juce_shell/tests/pre_display_runtime_test.cpp	1171
